<?xml version="1.0" ?>

<container xmlns="http://symfony.com/schema/dic/services"
    xmlns:xsi="http://www.w3.org/2001/XMLSchema-instance"
    xsi:schemaLocation="http://symfony.com/schema/dic/services http://symfony.com/schema/dic/services/services-1.0.xsd">

        <services>
            <defaults public="false" />

            <service id="maker.maker.make_authenticator" class="Symfony\Bundle\MakerBundle\Maker\MakeAuthenticator">
                <tag name="maker.command" />
            </service>

            <service id="maker.maker.make_command" class="Symfony\Bundle\MakerBundle\Maker\MakeCommand">
                <tag name="maker.command" />
            </service>

            <service id="maker.maker.make_controller" class="Symfony\Bundle\MakerBundle\Maker\MakeController">
                <argument type="service" id="maker.file_manager" />
                <tag name="maker.command" />
            </service>

            <service id="maker.maker.make_crud" class="Symfony\Bundle\MakerBundle\Maker\MakeCrud">
                <argument type="service" id="maker.doctrine_entity_helper" />
                <tag name="maker.command" />
            </service>

            <service id="maker.maker.make_entity" class="Symfony\Bundle\MakerBundle\Maker\MakeEntity">
                <argument type="service" id="maker.file_manager" />
                <argument>%kernel.project_dir%</argument>
                <argument type="service" id="doctrine" on-invalid="null" />
                <tag name="maker.command" />
            </service>

            <service id="maker.maker.make_fixtures" class="Symfony\Bundle\MakerBundle\Maker\MakeFixtures">
                <tag name="maker.command" />
            </service>

            <service id="maker.maker.make_form" class="Symfony\Bundle\MakerBundle\Maker\MakeForm">
                <argument type="service" id="maker.doctrine_entity_helper" />
                <tag name="maker.command" />
            </service>

            <service id="maker.maker.make_functional_test" class="Symfony\Bundle\MakerBundle\Maker\MakeFunctionalTest">
                <tag name="maker.command" />
            </service>

            <service id="maker.maker.make_serializer_encoder" class="Symfony\Bundle\MakerBundle\Maker\MakeSerializerEncoder">
                <tag name="maker.command" />
            </service>

            <service id="maker.maker.make_subscriber" class="Symfony\Bundle\MakerBundle\Maker\MakeSubscriber">
                <tag name="maker.command" />
                <argument type="service" id="maker.event_registry" />
            </service>

            <service id="maker.maker.make_twig_extension" class="Symfony\Bundle\MakerBundle\Maker\MakeTwigExtension">
                <tag name="maker.command" />
            </service>

            <service id="maker.maker.make_unit_test" class="Symfony\Bundle\MakerBundle\Maker\MakeUnitTest">
                <tag name="maker.command" />
            </service>

            <service id="maker.maker.make_validator" class="Symfony\Bundle\MakerBundle\Maker\MakeValidator">
                <tag name="maker.command" />
            </service>

            <service id="maker.maker.make_voter" class="Symfony\Bundle\MakerBundle\Maker\MakeVoter">
                <tag name="maker.command" />
            </service>

            <service id="maker.maker.make_migration" class="Symfony\Bundle\MakerBundle\Maker\MakeMigration">
                <argument>%kernel.project_dir%</argument>
                <tag name="maker.command" />
            </service>
        </services>
</container>
