<?xml version="1.0" ?>

<container xmlns="http://symfony.com/schema/dic/services"
    xmlns:xsi="http://www.w3.org/2001/XMLSchema-instance"
    xsi:schemaLocation="http://symfony.com/schema/dic/services http://symfony.com/schema/dic/services/services-1.0.xsd">

        <services>
            <defaults public="false" />

            <service id="maker.file_manager" class="Symfony\Bundle\MakerBundle\FileManager">
                <argument type="service" id="filesystem" />
                <argument type="service" id="maker.autoloader_util" />
                <argument>%kernel.project_dir%</argument>
            </service>

            <service id="maker.autoloader_util" class="Symfony\Bundle\MakerBundle\Util\AutoloaderUtil">
                <argument>%kernel.project_dir%</argument>
            </service>

            <service id="maker.event_registry" class="Symfony\Bundle\MakerBundle\EventRegistry">
                <argument type="service" id="event_dispatcher" />
            </service>

            <service id="maker.console_error_listener" class="Symfony\Bundle\MakerBundle\Event\ConsoleErrorSubscriber">
                <tag name="kernel.event_subscriber" />
            </service>

            <service id="maker.doctrine_entity_helper" class="Symfony\Bundle\MakerBundle\Doctrine\DoctrineEntityHelper">
                <argument type="service" id="doctrine" on-invalid="ignore"/>
            </service>
        </services>
</container>
