<?xml version="1.0" ?>
<container xmlns="http://symfony.com/schema/dic/services"
    xmlns:xsi="http://www.w3.org/2001/XMLSchema-instance"
    xsi:schemaLocation="http://symfony.com/schema/dic/services http://symfony.com/schema/dic/services/services-1.0.xsd">

    <services>
        <defaults public="false" />

        <service id="translator" class="Symfony\Component\Translation\IdentityTranslator" public="true">
            <argument type="service" id="translator.selector" />
        </service>
        <service id="Symfony\Component\Translation\TranslatorInterface" alias="translator" />

        <service id="translator.selector" class="Symfony\Component\Translation\MessageSelector" />
    </services>
</container>
