{
    "Version": "2.1.38.73",
    "Names": {
        "CNH": [
            "CNH",
            "CNH"
        ],
        "ERN": [
            "ERN",
            "nakfa"
        ],
        "MXN": [
            "$",
            "peso mexicano"
        ],
        "MYR": [
            "MYR",
            "ringit"
        ],
        "STN": [
            "STN",
            "dobra santotomense"
        ],
        "THB": [
            "THB",
            "baht tailandés"
        ],
        "UZS": [
            "UZS",
            "sum"
        ],
        "ZMW": [
            "ZMW",
            "kwacha zambiano"
        ]
    }
}
