{
    "Version": "2.1.39.11",
    "Names": {
        "AED": [
            "AED",
            "အာရပ်စော်ဘွားများ ပြည်ထောင်စု ဒါဟမ်း"
        ],
        "AFN": [
            "AFN",
            "အာဖဂန် အာဖဂါနီ"
        ],
        "ALL": [
            "ALL",
            "အယ်ဘေးနီးယား လီခ်"
        ],
        "AMD": [
            "AMD",
            "အာမေးနီးယား ဒရမ်"
        ],
        "ANG": [
            "NAf",
            "နယ်သာလန် အန်တီလန် ဂင်းဒါး"
        ],
        "AOA": [
            "AOA",
            "အန်ဂိုလာ ကွမ်ဇာ"
        ],
        "ARP": [
            "ARP",
            "အာဂျင်တီးနား ပီဆို (၁၉၈၃–၁၉၈၅)"
        ],
        "ARS": [
            "ARS",
            "အာဂျင်တီးနား ပီဆို"
        ],
        "AUD": [
            "A$",
            "ဩစတြေးလျ ဒေါ်လာ"
        ],
        "AWG": [
            "Afl",
            "အရူးဗာ ဖလိုရင်း"
        ],
        "AZN": [
            "AZN",
            "အဇာဘိုင်ဂျန် မာနတ်"
        ],
        "BAM": [
            "BAM",
            "ဘော့စနီးယားနှင့် ဟာဇီဂိုဘီးနား ငွေလဲနိုင်သော မတ်က်"
        ],
        "BBD": [
            "BBD",
            "ဘာဘေးဒီယန်း ဒေါ်လာ"
        ],
        "BDT": [
            "BDT",
            "ဘင်္ဂလားဒေ့ရှ် တာကာ"
        ],
        "BEF": [
            "BEF",
            "ဘယ်လ်ဂျီယမ် ဖရန့်"
        ],
        "BGN": [
            "BGN",
            "ဘူလ်ဂေးရီးယား လက်ဖ်"
        ],
        "BHD": [
            "BHD",
            "ဘာရိန်း ဒီနား"
        ],
        "BIF": [
            "BIF",
            "ဘူရွန်ဒီ ဖရန့်"
        ],
        "BMD": [
            "BMD",
            "ဘာမြူဒါ ဒေါ်လာ"
        ],
        "BND": [
            "BND",
            "ဘရူနိုင်း ဒေါ်လာ"
        ],
        "BOB": [
            "BOB",
            "ဘိုလီးဗီးယား ဘိုလီးဗီယားနို"
        ],
        "BOP": [
            "BOP",
            "ဘိုလီးဘီးယား ပီဆို"
        ],
        "BRL": [
            "R$",
            "ဘရာဇီး ရီးယဲ"
        ],
        "BSD": [
            "BSD",
            "ဘဟားမား ဒေါ်လာ"
        ],
        "BTN": [
            "BTN",
            "ဘူတန် အံဂါလ်ထရန်"
        ],
        "BUK": [
            "BUK",
            "ဗမာ ကျပ်"
        ],
        "BWP": [
            "BWP",
            "ဘော့ဆွာနာ ပုလ"
        ],
        "BYB": [
            "BYB",
            "ဘီလာရုစ် ရူဘယ်အသစ် (၁၉၉၄–၁၉၉၉)"
        ],
        "BYN": [
            "BYN",
            "ဘီလာရုစ် ရူဘယ်"
        ],
        "BYR": [
            "BYR",
            "ဘီလာရုဇ် ရူဘယ် (၂၀၀၀–၂၀၁၆)"
        ],
        "BZD": [
            "BZD",
            "ဘလိဇ် ဒေါ်လာ"
        ],
        "CAD": [
            "CA$",
            "ကနေဒါ ဒေါ်လာ"
        ],
        "CDF": [
            "CDF",
            "ကွန်ဂို ဖရန့်"
        ],
        "CHF": [
            "CHF",
            "ဆွစ် ဖရန့်"
        ],
        "CLP": [
            "CLP",
            "ချီလီ ပီဆို"
        ],
        "CNH": [
            "CNH",
            "တရုတ် ယွမ် (ဟောင်ကောင်)"
        ],
        "CNY": [
            "CN¥",
            "တရုတ် ယွမ်"
        ],
        "COP": [
            "COP",
            "ကိုလံဘီယာ ပီဆို"
        ],
        "CRC": [
            "CRC",
            "ကို့စတာရီကာ ကိုလွန်"
        ],
        "CUC": [
            "CUC",
            "နိုင်ငံခြားငွေလဲလှယ်နိုင်သော ကျူးဘားပီဆို"
        ],
        "CUP": [
            "CUP",
            "ကျူးဘား ပီဆို"
        ],
        "CVE": [
            "CVE",
            "ကိတ်ပ်ဗာဒီ အက်စ်ခူဒို"
        ],
        "CYP": [
            "CYP",
            "ဆိုက်ပရက်စ် ပေါင်"
        ],
        "CZK": [
            "CZK",
            "ချက် ခိုရိုနာ"
        ],
        "DEM": [
            "DEM",
            "ဂျာမဏီ မတ်"
        ],
        "DJF": [
            "DJF",
            "ဂျီဘူတီ ဖရန့်"
        ],
        "DKK": [
            "DKK",
            "ဒိန်းမတ် ခရိုဏာ"
        ],
        "DOP": [
            "DOP",
            "ဒိုမီနီကန် ပီဆို"
        ],
        "DZD": [
            "DZD",
            "အယ်လ်ဂျီးရီးယား ဒီနာ"
        ],
        "EGP": [
            "EGP",
            "အီဂျစ် ပေါင်"
        ],
        "ERN": [
            "ERN",
            "အီရီထရီးယား နာ့ခ်ဖာ"
        ],
        "ESP": [
            "ESP",
            "စပိန် ပယ်စေးတာ"
        ],
        "ETB": [
            "ETB",
            "အီသီယိုးပီးယား ဘီးယာ"
        ],
        "EUR": [
            "€",
            "ယူရို"
        ],
        "FJD": [
            "FJD",
            "ဖီဂျီ ဒေါ်လာ"
        ],
        "FKP": [
            "FKP",
            "ဖော့ကလန်ကျွန်းစု ပေါင်"
        ],
        "FRF": [
            "FRF",
            "ပြင်သစ် ဖရန့်"
        ],
        "GBP": [
            "£",
            "ဗြိတိသျှ ပေါင်"
        ],
        "GEL": [
            "GEL",
            "ဂျော်ဂျီယာ လားရီ"
        ],
        "GHS": [
            "GHS",
            "ဂါနာ ဆဲဒီ"
        ],
        "GIP": [
            "GIP",
            "ဂျီဘရော်လ်တာ ပေါင်"
        ],
        "GMD": [
            "GMD",
            "ဂမ်ဘီယာ ဒါလာစီ"
        ],
        "GNF": [
            "GNF",
            "ဂီနီရာ ဖရန့်"
        ],
        "GTQ": [
            "GTQ",
            "ဂွါတီမာလာ ခက်ဇော်လ်"
        ],
        "GYD": [
            "GYD",
            "ဂိုင်ယာနာ ဒေါ်လာ"
        ],
        "HKD": [
            "HK$",
            "ဟောင်ကောင် ဒေါ်လာ"
        ],
        "HNL": [
            "HNL",
            "ဟွန်ဒူးရပ်စ် လမ်းပီရာ"
        ],
        "HRK": [
            "HRK",
            "ခရိုအေးရှား ခူးနာ"
        ],
        "HTG": [
            "G",
            "ဟေတီဂူးအော်ဒ်"
        ],
        "HUF": [
            "HUF",
            "ဟန်ဂေရီယံ ဖော်ရင့်တ်"
        ],
        "IDR": [
            "IDR",
            "အင်ဒိုနီးရှား ရူပီးယား"
        ],
        "ILP": [
            "ILP",
            "အစ္စရေး ပေါင်"
        ],
        "ILS": [
            "₪",
            "အစ္စရေး ရှဲကလ်အသစ်"
        ],
        "INR": [
            "₹",
            "အိန္ဒိယ ရူပီး"
        ],
        "IQD": [
            "IQD",
            "အီရတ် ဒီနာ"
        ],
        "IRR": [
            "IRR",
            "အီရန် ရီအော်လ်"
        ],
        "ISK": [
            "ISK",
            "အိုက်စလန် ခရိုဏာ"
        ],
        "JMD": [
            "JMD",
            "ဂျမေကာ ဒေါ်လာ"
        ],
        "JOD": [
            "JOD",
            "ဂျော်ဒန် ဒီနာ"
        ],
        "JPY": [
            "JP¥",
            "ဂျပန် ယန်း"
        ],
        "KES": [
            "KES",
            "ကင်ညာ သျှီလင်"
        ],
        "KGS": [
            "KGS",
            "ကာဂျစ္စတန် ဆော်မ်"
        ],
        "KHR": [
            "KHR",
            "ကမ္ဘောဒီးယား ရီးယဲ"
        ],
        "KMF": [
            "KMF",
            "ကိုမိုရိုစ် ဖရန့်"
        ],
        "KPW": [
            "KPW",
            "မြောက်ကိုရီးယား ဝမ်"
        ],
        "KRW": [
            "₩",
            "တောင်ကိုရီးယား ဝမ်"
        ],
        "KWD": [
            "KWD",
            "ကူဝိတ် ဒီနာ"
        ],
        "KYD": [
            "KYD",
            "ကေမန် ကျွန်းစု ဒေါ်လာ"
        ],
        "KZT": [
            "KZT",
            "ကာဇက်စတန် ထိန်ဂျီ"
        ],
        "LAK": [
            "LAK",
            "လာအို ကစ်"
        ],
        "LBP": [
            "LBP",
            "လက်ဘနွန် ပေါင်"
        ],
        "LKR": [
            "LKR",
            "သီရိလင်္ကာ ရူပီး"
        ],
        "LRD": [
            "LRD",
            "လိုက်ဘေးရီးယား ဒေါ်လာ"
        ],
        "LTL": [
            "LTL",
            "လစ်သူယေးနီးယားလီတားစ်"
        ],
        "LVL": [
            "LVL",
            "လတ်ဗီးယားလတ်"
        ],
        "LYD": [
            "LYD",
            "လစ်ဗျား ဒိုင်နာ"
        ],
        "MAD": [
            "MAD",
            "မိုရိုကို ဒရမ်"
        ],
        "MDL": [
            "MDL",
            "မောလ်ဒိုဗာ လယ်အို"
        ],
        "MGA": [
            "MGA",
            "မာလာဂါစီ အရီရရီ"
        ],
        "MKD": [
            "MKD",
            "မက်ဆီဒိုးနီးယား ဒီနာ"
        ],
        "MMK": [
            "K",
            "မြန်မာ ကျပ်"
        ],
        "MNT": [
            "MNT",
            "မွန်ဂိုးလီးယား ထူးဂရခ်"
        ],
        "MOP": [
            "MOP",
            "မကာအို ပါတားကား"
        ],
        "MRO": [
            "MRO",
            "မော်ရီတေးနီးယား အူဂီးယာ (1973–2017)"
        ],
        "MRU": [
            "MRU",
            "မော်ရီတေးနီးယား အူဂီးယာ"
        ],
        "MUR": [
            "MUR",
            "မောရစ်ရှ ရူပီး"
        ],
        "MVR": [
            "MVR",
            "မော်လ်ဒိုက် ရူးဖီရာ"
        ],
        "MWK": [
            "MWK",
            "မာလာဝီ ခွါးချာ"
        ],
        "MXN": [
            "MX$",
            "မက္ကဆီကို ပီဆို"
        ],
        "MYR": [
            "MYR",
            "မလေးရှား ရင်းဂစ်"
        ],
        "MZN": [
            "MZN",
            "မိုဇမ်ဘစ် မက်တီခယ်လ်"
        ],
        "NAD": [
            "NAD",
            "နမီးဘီးယား ဒေါ်လာ"
        ],
        "NGN": [
            "NGN",
            "နိုင်ဂျီးရီးယား နိုင်းရာ"
        ],
        "NIO": [
            "NIO",
            "နီကာရာဂွါ ခိုးဒိုဘာ"
        ],
        "NOK": [
            "NOK",
            "နော်ဝေ ခရိုဏာ"
        ],
        "NPR": [
            "NPR",
            "နီပေါ ရူပီး"
        ],
        "NZD": [
            "NZ$",
            "နယူးဇီလန် ဒေါ်လာ"
        ],
        "OMR": [
            "OMR",
            "အိုမန်နီ ရီရယ်"
        ],
        "PAB": [
            "B\/.",
            "ပနားမား ဘလ်ဘိုးအာ"
        ],
        "PEN": [
            "PEN",
            "ပီရူး ဆိုးလ်"
        ],
        "PGK": [
            "PGK",
            "ပါပူအာ နယူးဂီနီ ခီးနာ"
        ],
        "PHP": [
            "PHP",
            "ဖိလစ်ပိုင် ပီဆို"
        ],
        "PKR": [
            "PKR",
            "ပါကစ္စတန် ရူပီး"
        ],
        "PLN": [
            "PLN",
            "ပိုလန် ဇလော့တီ"
        ],
        "PYG": [
            "PYG",
            "ပါရာဂွေး ဂွါးအ်နီး"
        ],
        "QAR": [
            "QAR",
            "ကာတာရီ ရီရယ်"
        ],
        "RON": [
            "RON",
            "ရိုမေးနီးယား လယ်အို"
        ],
        "RSD": [
            "RSD",
            "ဆားဘီးယား ဒယ်နား"
        ],
        "RUB": [
            "RUB",
            "ရုရှ ရူဘယ်"
        ],
        "RUR": [
            "RUR",
            "ရုရှ ရူဘယ် (၁၉၉၁–၁၉၉၈)"
        ],
        "RWF": [
            "RWF",
            "ရဝန်ဒါ ဖရန့်"
        ],
        "SAR": [
            "SAR",
            "ဆော်ဒီအာရေးဗီးယား ရီယော်လ်"
        ],
        "SBD": [
            "SBD",
            "ဆော်လမွန်ကျွန်းစု ဒေါ်လာ"
        ],
        "SCR": [
            "SCR",
            "ဆေးရှဲ ရူပီး"
        ],
        "SDG": [
            "SDG",
            "ဆူဒန် ပေါင်"
        ],
        "SDP": [
            "SDP",
            "ဆူဒန် ပေါင်အဟောင်း"
        ],
        "SEK": [
            "SEK",
            "ဆွီဒင် ခရိုဏာ"
        ],
        "SGD": [
            "SGD",
            "စင်္ကာပူ ဒေါ်လာ"
        ],
        "SHP": [
            "SHP",
            "စိန့်ဟယ်လယ်နာ ပေါင်"
        ],
        "SLL": [
            "SLL",
            "ဆီယာရာလီယွန်း လီအိုနီ"
        ],
        "SOS": [
            "SOS",
            "ဆိုမာလီ သျှီလင်"
        ],
        "SRD": [
            "SRD",
            "ဆူရီနမ်း ဒေါ်လာ"
        ],
        "SSP": [
            "SSP",
            "တောင်ဆူဒန် ပေါင်"
        ],
        "STD": [
            "STD",
            "ဆောင်တူမေးနှင့် ပရင်စီပီ ဒိုဘရာ (1977–2017)"
        ],
        "STN": [
            "STN",
            "ဆောင်တူမေးနှင့် ပရင်စီပီ ဒိုဘရာ"
        ],
        "SUR": [
            "SUR",
            "ဆိုဗီယက် ရူဗယ်"
        ],
        "SYP": [
            "SYP",
            "ဆီးရီးယား ပေါင်"
        ],
        "SZL": [
            "SZL",
            "ဆွာဇီလန် လီလန်းဂီနီ"
        ],
        "THB": [
            "฿",
            "ထိုင်း ဘတ်"
        ],
        "TJS": [
            "TJS",
            "တာဂျစ်ကစ္စတန် ဆိုမိုနီ"
        ],
        "TMT": [
            "TMT",
            "တာ့ခ်မင်နစ္စတန် မာနတ်"
        ],
        "TND": [
            "TND",
            "တူနီးရှား ဒိုင်နာ"
        ],
        "TOP": [
            "TOP",
            "တွန်ဂါ ဗန်ဂါ"
        ],
        "TRL": [
            "TRL",
            "ရှေးဟောင်းတူရကီ လိုင်ရာ"
        ],
        "TRY": [
            "TRY",
            "တူရကီ လိုင်ရာ"
        ],
        "TTD": [
            "TT$",
            "ထရီနီဒတ်နှင့် တိုဘက်ဂို ဒေါ်လာ"
        ],
        "TWD": [
            "NT$",
            "ထိုင်ဝမ် ဒေါ်လာအသစ်"
        ],
        "TZS": [
            "TZS",
            "တန်ဇန်းနီးယား သျှီလင်"
        ],
        "UAH": [
            "UAH",
            "ယူကရိန်း ဟီရီဗင်းညား"
        ],
        "UGX": [
            "UGX",
            "ယူဂန္ဒာ သျှီလင်"
        ],
        "USD": [
            "US$",
            "အမေရိကန် ဒေါ်လာ"
        ],
        "USN": [
            "USN",
            "အမေရိကန် ဒေါ်လာ (နောက်နေ့)"
        ],
        "USS": [
            "USS",
            "အမေရိကန် ဒေါ်လာ (တနေ့တည်း)"
        ],
        "UYU": [
            "UYU",
            "ဥရုဂွေး ပီဆို"
        ],
        "UZS": [
            "UZS",
            "ဥဇဘက်ကစ္စတန် ဆော်မ်"
        ],
        "VEF": [
            "VEF",
            "ဗင်နီဇွဲလား ဘိုလီဗာ"
        ],
        "VND": [
            "₫",
            "ဗီယက်နမ် ဒေါင်"
        ],
        "VUV": [
            "VUV",
            "ဗနွားတူ ဗားထူ"
        ],
        "WST": [
            "WST",
            "ဆမိုအား ထားလာ"
        ],
        "XAF": [
            "FCFA",
            "ကင်မရွန်း ဖရန့်"
        ],
        "XCD": [
            "EC$",
            "အရှေ့ကာရစ်ဘီယံ ဒေါ်လာ"
        ],
        "XOF": [
            "CFA",
            "အနောက် အာဖရိက CFA ဖရန့်"
        ],
        "XPF": [
            "CFPF",
            "CFP ဖရန့်"
        ],
        "YER": [
            "YER",
            "ယီမင်နီ ရီရယ်"
        ],
        "ZAR": [
            "ZAR",
            "တောင်အာဖရိက ရန်း"
        ],
        "ZMW": [
            "ZMW",
            "ဇင်ဘာဘွေ ခွါးချာ"
        ],
        "ZWD": [
            "ZWD",
            "ဇင်ဘာဘွေ ဒေါ်လာ"
        ]
    }
}
