{
    "Version": "2.1.39.11",
    "Names": {
        "AED": [
            "AED",
            "AED"
        ],
        "AFA": [
            "AFA",
            "افغانۍ (1927–2002)"
        ],
        "AFN": [
            "؋",
            "افغانۍ"
        ],
        "ALL": [
            "ALL",
            "ALL"
        ],
        "AMD": [
            "AMD",
            "AMD"
        ],
        "ANG": [
            "ANG",
            "ANG"
        ],
        "AOA": [
            "AOA",
            "AOA"
        ],
        "ARS": [
            "ARS",
            "ARS"
        ],
        "AUD": [
            "A$",
            "AUD"
        ],
        "AWG": [
            "AWG",
            "AWG"
        ],
        "AZN": [
            "AZN",
            "AZN"
        ],
        "BAM": [
            "BAM",
            "BAM"
        ],
        "BBD": [
            "BBD",
            "BBD"
        ],
        "BDT": [
            "BDT",
            "BDT"
        ],
        "BGN": [
            "BGN",
            "BGN"
        ],
        "BHD": [
            "BHD",
            "BHD"
        ],
        "BIF": [
            "BIF",
            "BIF"
        ],
        "BMD": [
            "BMD",
            "BMD"
        ],
        "BND": [
            "BND",
            "BND"
        ],
        "BOB": [
            "BOB",
            "BOB"
        ],
        "BRL": [
            "R$",
            "BRL"
        ],
        "BSD": [
            "BSD",
            "BSD"
        ],
        "BTN": [
            "BTN",
            "BTN"
        ],
        "BWP": [
            "BWP",
            "BWP"
        ],
        "BYN": [
            "BYN",
            "BYN"
        ],
        "BZD": [
            "BZD",
            "BZD"
        ],
        "CAD": [
            "CA$",
            "CAD"
        ],
        "CDF": [
            "CDF",
            "CDF"
        ],
        "CHF": [
            "CHF",
            "CHF"
        ],
        "CLP": [
            "CLP",
            "CLP"
        ],
        "CNH": [
            "CNH",
            "CNH"
        ],
        "CNY": [
            "CN¥",
            "CNY"
        ],
        "COP": [
            "COP",
            "COP"
        ],
        "CRC": [
            "CRC",
            "CRC"
        ],
        "CUC": [
            "CUC",
            "CUC"
        ],
        "CUP": [
            "CUP",
            "CUP"
        ],
        "CVE": [
            "CVE",
            "CVE"
        ],
        "CZK": [
            "CZK",
            "CZK"
        ],
        "DJF": [
            "DJF",
            "DJF"
        ],
        "DKK": [
            "DKK",
            "DKK"
        ],
        "DOP": [
            "DOP",
            "DOP"
        ],
        "DZD": [
            "DZD",
            "DZD"
        ],
        "EGP": [
            "EGP",
            "EGP"
        ],
        "ERN": [
            "ERN",
            "ERN"
        ],
        "ETB": [
            "ETB",
            "ETB"
        ],
        "EUR": [
            "€",
            "EUR"
        ],
        "FJD": [
            "FJD",
            "FJD"
        ],
        "FKP": [
            "FKP",
            "FKP"
        ],
        "GBP": [
            "£",
            "GBP"
        ],
        "GEL": [
            "GEL",
            "GEL"
        ],
        "GHS": [
            "GHS",
            "GHS"
        ],
        "GIP": [
            "GIP",
            "GIP"
        ],
        "GMD": [
            "GMD",
            "GMD"
        ],
        "GNF": [
            "GNF",
            "GNF"
        ],
        "GTQ": [
            "GTQ",
            "GTQ"
        ],
        "GYD": [
            "GYD",
            "GYD"
        ],
        "HKD": [
            "HK$",
            "HKD"
        ],
        "HNL": [
            "HNL",
            "HNL"
        ],
        "HRK": [
            "HRK",
            "HRK"
        ],
        "HTG": [
            "HTG",
            "HTG"
        ],
        "HUF": [
            "HUF",
            "HUF"
        ],
        "IDR": [
            "IDR",
            "IDR"
        ],
        "ILS": [
            "₪",
            "ILS"
        ],
        "INR": [
            "₹",
            "INR"
        ],
        "IQD": [
            "IQD",
            "IQD"
        ],
        "IRR": [
            "IRR",
            "IRR"
        ],
        "ISK": [
            "ISK",
            "ISK"
        ],
        "JMD": [
            "JMD",
            "JMD"
        ],
        "JOD": [
            "JOD",
            "JOD"
        ],
        "JPY": [
            "JP¥",
            "JPY"
        ],
        "KES": [
            "KES",
            "KES"
        ],
        "KGS": [
            "KGS",
            "KGS"
        ],
        "KHR": [
            "KHR",
            "KHR"
        ],
        "KMF": [
            "KMF",
            "KMF"
        ],
        "KPW": [
            "KPW",
            "KPW"
        ],
        "KRW": [
            "₩",
            "KRW"
        ],
        "KWD": [
            "KWD",
            "KWD"
        ],
        "KYD": [
            "KYD",
            "KYD"
        ],
        "KZT": [
            "KZT",
            "KZT"
        ],
        "LAK": [
            "LAK",
            "LAK"
        ],
        "LBP": [
            "LBP",
            "LBP"
        ],
        "LKR": [
            "LKR",
            "LKR"
        ],
        "LRD": [
            "LRD",
            "LRD"
        ],
        "LYD": [
            "LYD",
            "LYD"
        ],
        "MAD": [
            "MAD",
            "MAD"
        ],
        "MDL": [
            "MDL",
            "MDL"
        ],
        "MGA": [
            "MGA",
            "MGA"
        ],
        "MKD": [
            "MKD",
            "MKD"
        ],
        "MMK": [
            "MMK",
            "MMK"
        ],
        "MNT": [
            "MNT",
            "MNT"
        ],
        "MOP": [
            "MOP",
            "MOP"
        ],
        "MRO": [
            "MRO",
            "MRO"
        ],
        "MRU": [
            "MRU",
            "MRU"
        ],
        "MUR": [
            "MUR",
            "MUR"
        ],
        "MVR": [
            "MVR",
            "MVR"
        ],
        "MWK": [
            "MWK",
            "MWK"
        ],
        "MXN": [
            "MX$",
            "MXN"
        ],
        "MYR": [
            "MYR",
            "MYR"
        ],
        "MZN": [
            "MZN",
            "MZN"
        ],
        "NAD": [
            "NAD",
            "NAD"
        ],
        "NGN": [
            "NGN",
            "NGN"
        ],
        "NIO": [
            "NIO",
            "NIO"
        ],
        "NOK": [
            "NOK",
            "NOK"
        ],
        "NPR": [
            "NPR",
            "نيپالي روپيه"
        ],
        "NZD": [
            "NZ$",
            "NZD"
        ],
        "OMR": [
            "OMR",
            "OMR"
        ],
        "PAB": [
            "PAB",
            "PAB"
        ],
        "PEN": [
            "PEN",
            "PEN"
        ],
        "PGK": [
            "PGK",
            "PGK"
        ],
        "PHP": [
            "PHP",
            "PHP"
        ],
        "PKR": [
            "PKR",
            "پاکستانۍ کلداره"
        ],
        "PLN": [
            "PLN",
            "PLN"
        ],
        "PYG": [
            "PYG",
            "PYG"
        ],
        "QAR": [
            "QAR",
            "QAR"
        ],
        "RON": [
            "RON",
            "RON"
        ],
        "RSD": [
            "RSD",
            "RSD"
        ],
        "RUB": [
            "RUB",
            "RUB"
        ],
        "RWF": [
            "RWF",
            "RWF"
        ],
        "SAR": [
            "SAR",
            "SAR"
        ],
        "SBD": [
            "SBD",
            "SBD"
        ],
        "SCR": [
            "SCR",
            "SCR"
        ],
        "SDG": [
            "SDG",
            "SDG"
        ],
        "SEK": [
            "SEK",
            "SEK"
        ],
        "SGD": [
            "SGD",
            "SGD"
        ],
        "SHP": [
            "SHP",
            "SHP"
        ],
        "SLL": [
            "SLL",
            "SLL"
        ],
        "SOS": [
            "SOS",
            "SOS"
        ],
        "SRD": [
            "SRD",
            "SRD"
        ],
        "SSP": [
            "SSP",
            "SSP"
        ],
        "STD": [
            "STD",
            "STD"
        ],
        "STN": [
            "STN",
            "STN"
        ],
        "SYP": [
            "SYP",
            "SYP"
        ],
        "SZL": [
            "SZL",
            "SZL"
        ],
        "THB": [
            "THB",
            "THB"
        ],
        "TJS": [
            "TJS",
            "TJS"
        ],
        "TMT": [
            "TMT",
            "TMT"
        ],
        "TND": [
            "TND",
            "TND"
        ],
        "TOP": [
            "TOP",
            "TOP"
        ],
        "TRY": [
            "TRY",
            "TRY"
        ],
        "TTD": [
            "TTD",
            "TTD"
        ],
        "TWD": [
            "NT$",
            "TWD"
        ],
        "TZS": [
            "TZS",
            "TZS"
        ],
        "UAH": [
            "UAH",
            "UAH"
        ],
        "UGX": [
            "UGX",
            "UGX"
        ],
        "USD": [
            "US$",
            "USD"
        ],
        "UYU": [
            "UYU",
            "UYU"
        ],
        "UZS": [
            "UZS",
            "UZS"
        ],
        "VEF": [
            "VEF",
            "VEF"
        ],
        "VND": [
            "₫",
            "VND"
        ],
        "VUV": [
            "VUV",
            "VUV"
        ],
        "WST": [
            "WST",
            "WST"
        ],
        "XAF": [
            "FCFA",
            "XAF"
        ],
        "XCD": [
            "EC$",
            "XCD"
        ],
        "XOF": [
            "CFA",
            "XOF"
        ],
        "XPF": [
            "CFPF",
            "XPF"
        ],
        "YER": [
            "YER",
            "YER"
        ],
        "ZAR": [
            "ZAR",
            "ZAR"
        ],
        "ZMW": [
            "ZMW",
            "ZMW"
        ]
    }
}
