{
    "Version": "2.1.38.69",
    "Names": {
        "DKK": [
            "Dkr",
            "DKK"
        ],
        "EUR": [
            "€",
            "euro"
        ],
        "FIM": [
            "FIM",
            "suoma márkki"
        ],
        "HKD": [
            "HK$",
            "HKD"
        ],
        "INR": [
            "₹",
            "INR"
        ],
        "JPY": [
            "JP¥",
            "JPY"
        ],
        "MXN": [
            "MX$",
            "MXN"
        ],
        "NOK": [
            "kr",
            "norgga kruvdno"
        ],
        "SEK": [
            "Skr",
            "ruoŧŧa kruvdno"
        ],
        "THB": [
            "฿",
            "THB"
        ]
    }
}
