{
    "Version": "2.1.38.72",
    "Names": {
        "BRL": [
            "R$",
            "Бразилия реалы"
        ],
        "CNY": [
            "CN¥",
            "кытай юане"
        ],
        "EUR": [
            "€",
            "евро"
        ],
        "GBP": [
            "£",
            "фунт стерлинг"
        ],
        "INR": [
            "₹",
            "Индия рупиясе"
        ],
        "JPY": [
            "JP¥",
            "япон иенасы"
        ],
        "RUB": [
            "₽",
            "Россия сумы"
        ],
        "USD": [
            "$",
            "АКШ доллары"
        ]
    }
}
